time,open,high,low,close
2023-05-26,47.79236025059135,47.883797574673785,47.79236025059135,47.80940415815738
2023-05-27,47.815838484623214,47.888934095118394,47.77547331071361,47.888934095118394
2023-05-28,47.81526438488953,48.32737178904023,47.81526438488953,48.32737178904023
2023-05-29,48.28907691711774,48.39169132143539,48.17582271214267,48.17582271214267
2023-05-30,48.179752894818314,48.200617169218674,47.992349762451056,47.992349762451056
2023-05-31,48.016679820179114,48.016679820179114,47.83877353884742,47.89302719092887
2023-06-01,47.845834247386925,47.845834247386925,47.61623744580169,47.61623744580169
2023-06-02,47.62408242199692,47.62408242199692,47.46074933164554,47.536952392255
2023-06-03,47.536230612347225,47.536230612347225,47.474373522139246,47.474373522139246
2023-06-04,47.44536616353031,47.52793571599991,47.44536616353031,47.523087591689674
2023-06-05,47.49988188786485,47.49988188786485,47.31262954962311,47.31262954962311
2023-06-06,47.30148324833737,48.11768925107122,47.25055255530094,48.11768925107122
2023-06-07,48.09962922859294,48.09962922859294,48.064305205072614,48.064305205072614
2023-06-08,48.046101078235935,48.108979294666845,48.046101078235935,48.08339806260189
2023-06-09,48.049064760029594,48.32074163173436,48.049064760029594,48.23115614817859
2023-06-10,48.247268453425754,49.65676333828894,48.201963659848,49.062983817991686
2023-06-11,49.04323064360236,49.180684997891454,49.016356659898115,49.1515478705801
2023-06-12,49.10821739995639,49.38015921102819,49.06040339360362,49.187657365696275
2023-06-13,49.14704973855265,49.28911012951068,49.05883384404684,49.10822675477797
2023-06-14,49.064474650781634,49.20309139900846,48.938581191326,49.13607845207617
2023-06-15,49.12063764117898,49.48866545363279,49.12063764117898,49.48866545363279
2023-06-16,49.414067053370296,49.75205530843323,49.36675243978942,49.75205530843323
2023-06-17,49.699746406367126,49.7031180142843,49.521039703819156,49.7031180142843
2023-06-18,49.71896967871381,49.73768462492601,49.60200481821421,49.65658778383953
2023-06-19,49.645421320221004,49.991743973057474,49.645421320221004,49.97677887810511
2023-06-20,49.97390210040207,50.77197382995222,49.97390210040207,50.752551517173735
2023-06-21,50.73518371181519,51.77811650149565,50.73518371181519,51.34549714436689
2023-06-22,51.32202355558936,51.432975553361125,51.09925171329044,51.432975553361125
2023-06-23,51.43230953514989,51.8338566388221,51.43230953514989,51.709249697698155
2023-06-24,51.690025271444384,51.873265873646766,51.534541999396865,51.80633370510026
2023-06-25,51.7803466296695,51.7803466296695,51.51177509414987,51.51177509414987
2023-06-26,51.52226482365191,51.74778114742962,51.445410000273874,51.714994904293455
2023-06-27,51.69818589156384,51.79913192314564,51.69818589156384,51.785796600769075
2023-06-28,51.800092824225096,52.17906973087033,51.754068904045944,52.030645087900865
2023-06-29,52.04510310003272,52.08449471675177,51.975490910462455,52.01918438296113
2023-06-30,51.99055417394286,51.99055417394286,51.18138511770982,51.18138511770982
2023-07-01,51.18194360668856,51.37040517241073,50.96402695889064,51.1921088413143
2023-07-02,51.18304664632481,51.311402122880054,50.93049920607552,51.10131104059879
2023-07-03,51.087139949356455,51.36101021314039,51.087139949356455,51.36101021314039
2023-07-04,51.34328410231617,51.34328410231617,51.23854155733157,51.269604529173506
2023-07-05,51.26781397631213,51.406281122740616,51.143773268170335,51.36729514951238
2023-07-06,51.416501874602325,51.66995736730302,51.416501874602325,51.504262664356105
2023-07-07,51.51374016922189,51.56220808417339,51.511276678364226,51.56220808417339
2023-07-08,51.59009387718469,51.639400184734384,51.43823061675433,51.53743863052196
2023-07-09,51.52189940735757,51.55313221509362,51.45574702110303,51.50373318057015
2023-07-10,51.50903505250176,51.68042587821971,51.471201759502804,51.471201759502804
2023-07-11,51.469494589801236,51.601712785265065,51.469494589801236,51.60055332409592
2023-07-12,51.606011627512004,51.606011627512004,51.48154564925137,51.48154564925137
2023-07-13,51.47105798396597,51.545931436447226,49.918367897689336,50.141259659307956
2023-07-14,50.17823410819622,50.318023344340524,49.74517226087129,50.03689742506565
2023-07-15,50.03610666063757,50.2376714475371,49.74439811578,50.00793188813899
2023-07-16,50.01899083978066,50.22920258799659,49.77647202666694,50.11262220373814
2023-07-17,50.11125503108252,50.188933901806685,49.84381778684401,50.07907849994242
2023-07-18,50.08740764952844,50.09616281487925,49.91051463930031,50.00243869557257
2023-07-19,50.00415802538403,50.104760441953836,49.71652347288949,49.91125954224884
2023-07-20,49.92021911652535,49.92021911652535,49.6999612339017,49.795197755011394
2023-07-21,49.78184480635456,49.939297318457385,49.68020782749274,49.86295331808847
2023-07-22,49.876860458118024,50.224763928377115,49.72306006369638,50.11151762770345
2023-07-23,50.10122865393322,50.24763991595075,50.10122865393322,50.14599903617096
2023-07-24,50.172015111435854,50.172015111435854,49.91648530506372,49.91648530506372
2023-07-25,49.940479863112266,50.074166872884426,49.79907762741023,49.88396624688312
2023-07-26,49.894593392927284,50.03633378085519,49.812244564927504,49.812244564927504
2023-07-27,49.82048805212689,49.821547814375684,49.71581694733423,49.75119758177808
2023-07-28,49.71242643469302,49.79130879075096,49.69602478010008,49.70246688468601
2023-07-29,49.72637156463906,49.80538702044491,49.57173222724122,49.63753917665709
2023-07-30,49.581387345925236,49.835449123188404,49.48758149774631,49.734110605760826
2023-07-31,49.7162893494699,49.89194179067185,49.6597519745004,49.81482458016234
2023-08-01,49.89233987607648,50.08124352386009,49.89233987607648,50.08124352386009
2023-08-02,50.00044747847044,50.14598922390567,50.00044747847044,50.02431506751497
2023-08-03,50.18177562774465,50.32053274529941,50.16205467582422,50.32053274529941
2023-08-04,50.36240007012173,50.37566161012956,50.21518924172583,50.37566161012956
2023-08-05,50.3925684577782,50.458843979080534,50.223559928571525,50.26508850519911
2023-08-06,50.272599118477714,50.391218262602365,50.20306700700111,50.33008556764057
2023-08-07,50.32133590626954,50.460137303586485,50.25093209683605,50.460137303586485
2023-08-08,50.465205074666045,50.747430996203654,50.465205074666045,50.64090613490701
2023-08-09,50.62961827432508,50.62986531249647,50.46379693658384,50.46379693658384
2023-08-10,50.46387972331695,50.48780420561159,50.418489310428804,50.43612409558982
2023-08-11,50.43921553472672,50.48325928926695,50.401459791999436,50.45291837640077
2023-08-12,50.47443816859237,50.52750772912948,50.37746043005503,50.45208486910979
2023-08-13,50.21067105924495,50.29928604917424,50.04482583943752,50.21979605128893
2023-08-14,50.23452368061279,50.28055079338058,50.17621750939695,50.24517654726569
2023-08-15,50.25589889346945,50.6862292939135,50.204736810644825,50.45168053682323
2023-08-16,50.28515930152698,50.59402547494464,50.22715215210677,50.3598220420989
2023-08-17,50.23836761735261,50.38019272739188,49.8385450929804,49.8385450929804
2023-08-18,49.72532607154854,49.72532607154854,49.22373628465467,49.22373628465467
2023-08-19,49.23291141806314,49.23291141806314,48.9661138159825,49.087099374260326
2023-08-20,49.085848760099836,49.11971438758936,48.87667681707915,49.00258983428712
2023-08-21,48.90055512501573,49.21173045263991,48.85961232719278,49.1561821338274
2023-08-22,49.158367124475205,49.36188379671457,49.067198447709934,49.355688074638216
2023-08-23,49.35693915870091,49.35693915870091,49.21196721318108,49.21196721318108
2023-08-24,49.20816336449938,49.2176471539766,49.19947348252274,49.19947348252274
2023-08-25,49.19707933150805,49.20099137505494,49.12372588418143,49.163970183541224
2023-08-26,49.15477580111077,49.26301505743598,49.116229246218516,49.17992123465766
2023-08-27,49.17673359905578,49.22140469952349,49.09348908105442,49.135999920171
2023-08-28,49.13994628231569,49.35144478535508,49.1349132082562,49.18414449782958
2023-08-29,49.183367860813895,49.897732279567826,49.183367860813895,49.857649885970254
2023-08-30,49.847050924879795,49.847050924879795,49.72781983003667,49.8016292955904
2023-08-31,49.80429875189525,49.813547306768996,49.182375117052715,49.182375117052715
2023-09-01,49.14824247582554,49.221376168533425,49.12010946629623,49.221376168533425
2023-09-02,49.223114298806706,49.30337099291662,49.18221725312877,49.23171300294123
2023-09-03,49.23246476467102,49.35082804513507,49.23246476467102,49.32814098216273
2023-09-04,49.329798501708005,49.329798501708005,49.19398305715731,49.19398305715731
2023-09-05,49.199839245092534,49.235852994276364,49.032942232376584,49.13606581911626
2023-09-06,49.14989077676439,49.14989077676439,49.04004174085501,49.11591166322067
2023-09-07,49.11358841111711,49.45778265084591,49.11358841111711,49.440000251295366
2023-09-08,49.44738371871548,49.461517870232974,49.25920500391832,49.26031488701002
2023-09-09,49.254937978375594,49.26654807714244,49.20574470872147,49.26654807714244
2023-09-10,49.26715133813413,49.52705737169587,49.26715133813413,49.517515173198454
2023-09-11,49.51835944175313,49.6199343823657,49.50607857247786,49.55769500789202
2023-09-12,49.564347790286604,50.03014395280123,49.564347790286604,49.82940810836105
2023-09-13,49.8226524584493,50.06080411103591,49.8226524584493,49.99635580225218
2023-09-14,50.00077012606338,50.138622421763046,49.99462460766068,50.06411195404481
2023-09-15,50.0653917534839,50.0653917534839,49.869732015743665,49.869732015743665
2023-09-16,49.86620491191079,49.88787119819465,49.734829028924764,49.79749266747846
2023-09-17,49.79678639012197,50.04197003748968,49.77160711397224,49.98464618516638
2023-09-18,49.98856985343076,50.16234664626849,49.96606336148771,49.96606336148771
2023-09-19,49.96963145458479,50.22789572918267,49.96963145458479,50.19454059186786
2023-09-20,50.170489898409656,50.27961802070793,50.170489898409656,50.27961802070793
2023-09-21,50.276486686970266,50.276486686970266,50.189837799475036,50.192697408126705
2023-09-22,50.17803397817776,50.2386247155072,50.09106332294186,50.10424344069302
2023-09-23,50.10606677304583,50.16392090825057,50.02620416338412,50.100899031254876
2023-09-24,50.10593781206748,50.120038499790645,50.011471896197854,50.011471896197854
2023-09-25,50.01880973640221,50.01880973640221,49.92273163961804,49.93201758306577
2023-09-26,49.93765168098478,49.963187967631214,49.86417344776547,49.866077587226805
2023-09-27,49.86724565088923,49.965607502678616,49.86724565088923,49.965607502678616
2023-09-28,49.974142366741106,50.13755901554469,49.974142366741106,50.06411889046822
2023-09-29,50.06033183242192,50.06033183242192,49.78148030955064,49.81337771614157
2023-09-30,49.836335728987656,49.90716014710274,49.6913082861347,49.82270070541396
2023-10-01,49.817005063675914,50.117260057374565,49.817005063675914,50.117260057374565
2023-10-02,50.111621111911376,50.438114607421355,50.111621111911376,50.32959945495552
2023-10-03,50.326388443083836,50.326388443083836,50.176017624960814,50.272654921774404
2023-10-04,50.26527415356211,50.68041172088571,50.26527415356211,50.68041172088571
2023-10-05,50.688672525248556,50.82275468125401,50.65838823821579,50.65838823821579
2023-10-06,50.65848452831856,50.88551093042546,50.52109837546176,50.79478927941342
2023-10-07,50.76496269854864,50.90644117891906,50.71989367678415,50.90644117891906
2023-10-08,50.90546922379941,50.931214466915776,50.90536750516657,50.931214466915776
2023-10-09,50.928726292043116,51.3568212542014,50.91811065539969,51.25676542120632
2023-10-10,51.26231276248293,51.30898256741907,51.134270238709554,51.16312549417808
2023-10-11,51.178845875156966,51.178845875156966,50.75240522739496,50.79066846810264
2023-10-12,50.79513943950615,51.019367678691395,50.77951048660043,50.95677107041089
2023-10-13,50.963591691380095,50.972074579867744,50.8861266841965,50.90329931726972
2023-10-14,50.90079188081387,50.93967091749687,50.81966278797875,50.824765397810026
2023-10-15,50.82348937340465,51.03378361329928,50.82348937340465,51.03378361329928
2023-10-16,51.05088563831123,52.449166830647755,51.05088563831123,51.8103891894815
2023-10-17,51.80390053739623,52.05002011461291,51.79316200505132,52.05002011461291
2023-10-18,52.041851766257395,52.25703120028906,52.038949293247725,52.05579263688106
2023-10-19,52.05785339551278,52.23332687208685,52.05785339551278,52.23332687208685
2023-10-20,52.220011429412864,52.719995150551256,52.220011429412864,52.61914372602086
2023-10-21,52.60710803194648,52.60710803194648,52.38563525319647,52.38563525319647
2023-10-22,52.385742153633515,52.40633384663019,52.10726446429573,52.10726446429573
2023-10-23,52.11124370844211,54.25897000004141,52.11124370844211,53.448486269644846
2023-10-24,53.43530510120454,54.0120734262455,53.43530510120454,54.0120734262455
2023-10-25,54.03574013575367,54.34872969948083,54.03574013575367,54.3174030834346
2023-10-26,54.30248180182895,54.30248180182895,53.78052731471917,53.94856886977695
2023-10-27,53.949644079195494,54.03274977215018,53.825220647054685,54.00271038970836
2023-10-28,54.009470663752666,54.102254410412755,54.009470663752666,54.05368967880463
2023-10-29,54.054540123003115,54.14441702929608,54.0484002072392,54.0873335216827
2023-10-30,54.06913949204719,54.06913949204719,53.79241710222982,53.79241710222982
2023-10-31,53.79702207709096,53.968935585682054,53.573767800207875,53.83282668358495
2023-11-01,53.83731297892895,53.94401560627301,53.80414470896787,53.94401560627301
2023-11-02,53.93743223262505,53.93743223262505,53.81111489051976,53.88694715086246
2023-11-03,53.87979553511221,53.87979553511221,53.52531257233907,53.52531257233907
2023-11-04,53.51695472086746,53.578915113328854,53.39807002806849,53.43995091178431
2023-11-05,53.43823372527737,53.43823372527737,52.8806760104508,52.9234597856645
2023-11-06,52.92459476336714,52.99785395947663,52.34967864331198,52.41384537660283
2023-11-07,52.41622943753544,52.96591122677407,52.41622943753544,52.96591122677407
2023-11-08,52.936506575620314,52.936506575620314,52.78653974366356,52.85556536864633
2023-11-09,52.84948605989577,53.501381359277076,52.418062127185195,52.418062127185195
2023-11-10,52.34833800923926,52.61609519434999,52.20298992321418,52.551842353174
2023-11-11,52.54146399496526,52.72836159358404,52.030847650646116,52.45721294652708
2023-11-12,52.45154503182795,52.73140290973469,52.02764515376176,52.33834187238984
2023-11-13,52.29507104364889,52.460516980373285,51.697550534911215,52.28506811127105
2023-11-14,52.27202879224716,52.36500527736603,51.96573104659685,52.035107443627304
2023-11-15,52.00979357805131,52.54965930931957,52.00979357805131,52.54965930931957
2023-11-16,52.53749796131636,52.53749796131636,52.03316375321819,52.32352437157052
2023-11-17,52.32605985617589,52.838735083272205,52.1442179489362,52.53853704434061
2023-11-18,52.52397190921001,53.017353645758,52.50554231397285,52.55283852892932
2023-11-19,52.549526994032824,52.779250087686854,52.549526994032824,52.59685538322459
2023-11-20,52.59253380826614,52.830187544686815,52.28870411592165,52.830187544686815
2023-11-21,52.81858421663382,52.996592567638444,52.59155782268399,52.91645345114636
2023-11-22,52.904516747341326,52.904516747341326,52.6881258836394,52.69332462836452
2023-11-23,52.690715174928705,52.690715174928705,52.47712449812123,52.61229937346904
2023-11-24,52.60580460298745,52.6970270021536,52.60580460298745,52.685342848608045
2023-11-25,52.65760250171525,52.76926001450286,52.438465824571146,52.52324684722949
2023-11-26,52.53322668534602,52.72105366816777,52.36300698490973,52.532577195502085
2023-11-27,52.534865281206265,52.93123044990692,52.41532247366108,52.81936578248595
2023-11-28,52.95167030700656,53.152806777080755,52.95167030700656,53.04942993717579
2023-11-29,53.131983168853104,53.29549465449699,53.131983168853104,53.27644752617374
2023-11-30,53.26956671047027,53.26956671047027,53.03168622415812,53.03168622415812
2023-12-01,53.021009955035936,53.311638868491464,53.021009955035936,53.311638868491464
2023-12-02,53.30225838510775,53.360506586751896,53.149348501622114,53.17004871030375
2023-12-03,53.17413174403227,53.37625345213611,53.150736938931665,53.37625345213611
2023-12-04,53.375540382101825,54.16941769120947,53.375540382101825,54.16941769120947
2023-12-05,54.159707007955824,55.03997233683195,54.159707007955824,55.03997233683195
2023-12-06,55.037807423787264,55.25671612301145,54.54804779904984,55.11836630214574
2023-12-07,55.115508018282966,55.115508018282966,54.056106092975,54.056106092975
2023-12-08,54.051590168753336,54.1180408963666,53.940383675376935,53.940383675376935
2023-12-09,53.92818235994182,53.97380839332997,53.24722545791498,53.77699917914396
2023-12-10,53.76646468104538,53.954782212939946,53.3207718401058,53.46842290767019
2023-12-11,53.49489006642728,53.49489006642728,53.08251215014652,53.08251215014652
2023-12-12,53.05798134418376,53.224372235916164,52.88181466277149,53.119171152213966
2023-12-13,53.09829863611305,53.424229559785,53.09829863611305,53.367782822370145
2023-12-14,53.36099768097387,53.36099768097387,52.948137879816784,53.024871440593365
2023-12-15,53.005245547581644,53.26027713649366,52.75162539659526,53.22242870439919
2023-12-16,53.20644483949165,53.239243477881445,52.79477630759358,53.07876624030082
2023-12-17,53.088166917145664,53.088166917145664,52.824431689339804,53.039287029608104
2023-12-18,53.01148512569496,53.549371366303376,53.01148512569496,53.512960133164796
2023-12-19,53.504280544326754,53.74843525140653,53.47183408102198,53.589393681679844
2023-12-20,53.710501520964804,53.93796409479668,53.710501520964804,53.93796409479668
2023-12-21,53.762653070688145,53.81975477103475,53.013054589350986,53.15389088923852
2023-12-22,53.157663608169415,53.292706029472704,52.574136304647986,52.74415869796572
2023-12-23,52.73419767246247,53.02158142363231,52.325173153092365,52.44253117890174
2023-12-24,52.43473702136393,52.43473702136393,52.00615823517389,52.2244258221774
2023-12-25,52.232325059295135,52.34644849200283,51.80789338736711,52.06564831918872
2023-12-26,52.05886433348314,52.357879453571734,51.6023980540197,51.735619111626775
2023-12-27,51.744727167790764,52.09179295514046,51.21994956825973,51.475842452006106
2023-12-28,51.45437762497248,51.4833887424201,50.93602826678156,51.34038104881186
2023-12-29,51.345840686583976,51.440207801500115,51.10782280713945,51.28227049566881
2023-12-30,51.273876303102654,51.39196946003938,51.17575950740928,51.38465381151007
2023-12-31,51.391791756033825,51.786337943022154,51.28512770320188,51.59471596867476
2024-01-01,51.601303972937686,51.92072529090084,51.601303972937686,51.92072529090084
2024-01-02,51.90934431577118,52.51492171571201,51.90934431577118,52.51492171571201
2024-01-03,52.50749115956109,53.36538478416885,52.22186669247195,52.6480399345701
2024-01-04,52.6190248289974,52.776052397132304,52.6190248289974,52.766505889731505
2024-01-05,52.760889341413694,53.15152394614282,52.6554789815434,53.15152394614282
2024-01-06,53.10903227393634,53.66428856231933,53.06568852379826,53.53451135792814
2024-01-07,53.52570952559792,53.993162276770775,53.453585886565925,53.95457771205496
2024-01-08,53.952639330189534,54.515438588302835,53.952639330189534,54.515438588302835
2024-01-09,54.49442587585233,54.56338571426726,54.23961388868966,54.23961388868966
2024-01-10,54.227668804825605,54.227668804825605,52.914221607617264,52.914221607617264
2024-01-11,52.91472123291201,53.0821484695838,52.49501140395125,52.49501140395125
2024-01-12,52.482375461318554,52.482375461318554,51.337792223995535,51.441607826803285
2024-01-13,51.422366900302954,51.61929613032804,51.033306157376614,51.033306157376614
2024-01-14,51.0330512468846,51.12935940025375,50.81904220248534,51.049110930450404
2024-01-15,51.04208266337361,51.16281399936522,51.04208266337361,51.13020993347479
2024-01-16,51.12196201977266,51.1474504904195,51.08283835242128,51.08283835242128
2024-01-17,51.08079169085442,51.17251561743822,50.88983669982322,51.17251561743822
2024-01-18,51.1813938359079,51.1813938359079,51.011677797527014,51.011677797527014
2024-01-19,51.00641582713396,51.21011933846932,51.00641582713396,51.13738186979377
2024-01-20,51.12749271754321,51.38828399623979,51.018444733433824,51.13583314743142
2024-01-21,51.12420477690749,51.27829622334098,51.015481357822644,51.24253683394524
2024-01-22,51.25497238297033,51.28462443653302,51.17054946765147,51.1835770927455
2024-01-23,51.18146152876625,51.88778243301696,51.1499491016347,51.77188103437167
2024-01-24,51.74497802180027,51.914091872234756,51.7424138113949,51.7424138113949
2024-01-25,51.740876913098035,52.06200253874144,51.713358784821075,51.87709142853739
2024-01-26,51.856501287079396,52.35988653525755,51.856501287079396,52.310928118446384
2024-01-27,52.31518555807339,52.3792906087585,52.234180661334136,52.3792906087585
2024-01-28,52.376752671225965,52.39757229965545,52.313709125251165,52.39757229965545
2024-01-29,52.37812207189897,52.507086986743964,52.37812207189897,52.507086986743964
2024-01-30,52.50752728723176,52.51961225682592,52.26815438118702,52.3845210497813
2024-01-31,52.37003820357009,52.78945661531934,52.37003820357009,52.73123621364355
2024-02-01,52.705549329731895,52.772027288765145,52.705549329731895,52.772027288765145
2024-02-02,52.771572585188274,52.771572585188274,52.54333774564992,52.648580275305804
2024-02-03,52.63296331567968,52.716952153087895,52.445868631769535,52.65497659861569
2024-02-04,52.653712233133376,52.653712233133376,52.494886734829606,52.582133892649395
2024-02-05,52.56279024370563,52.64308143114261,52.556639667924934,52.556639667924934
2024-02-06,52.57614212838312,52.711513003174936,52.37534843690666,52.50258316216095
2024-02-07,52.4971178031665,52.71930626711926,52.4971178031665,52.71930626711926
2024-02-08,52.69990695849241,53.098238428322716,52.69990695849241,53.098238428322716
2024-02-09,53.094641524423004,53.72696881912222,53.094641524423004,53.49180930928894
2024-02-10,53.48336865303549,53.670896652436554,53.48336865303549,53.670896652436554
2024-02-11,53.66727013159147,53.9402947880624,53.652923379717066,53.9402947880624
2024-02-12,53.93553518748061,54.028809639658625,53.86053416234547,53.86053416234547
2024-02-13,53.84607064910543,53.90042342202944,53.68249097821983,53.90042342202944
2024-02-14,53.89688368496741,54.026087356873965,53.881986732648215,54.026087356873965
2024-02-15,54.00189652433135,54.07666459246586,53.65179056991043,53.71702555238399
2024-02-16,53.67910347803313,54.14886572961587,53.58968487800876,53.91138613023142
2024-02-17,53.88956213911712,53.90544459668036,53.69628040424319,53.77290771093152
2024-02-18,53.77562104970257,53.77562104970257,53.33804160200535,53.45930734936248
2024-02-19,53.44717104412935,53.454984985189924,52.862130698278975,52.914381696204224
2024-02-20,52.906679020903326,53.2864132843421,52.906679020903326,53.04981171860498
2024-02-21,53.040264335032504,53.44955715607848,52.87550859760783,53.16114263456752
2024-02-22,53.14246027031027,53.21401106665954,52.68244906609571,52.90879669588613
2024-02-23,52.901936292150744,53.134252761317725,52.63780613737297,52.86722161092388
2024-02-24,52.859897070673036,53.034621427113684,52.5867993601789,52.731529235938915
2024-02-25,52.73095167932321,52.83326358120735,52.285996386640264,52.34861000608475
2024-02-26,52.26098187654122,52.93755334728806,52.26098187654122,52.93755334728806
2024-02-27,52.92497620434775,53.76572590088144,52.92497620434775,53.76572590088144
2024-02-28,53.756588659106605,55.135220455781834,53.756588659106605,55.135220455781834
2024-02-29,55.10460208691257,55.10460208691257,54.30018100237114,54.66403937773936
2024-03-01,54.64072395399494,54.64072395399494,54.23692589728512,54.261736132151626
2024-03-02,54.244901974399994,54.244901974399994,53.38718615652095,53.55995048403901
2024-03-03,53.54929452153798,54.32361271715048,53.44761609087065,53.807628718709786
2024-03-04,53.81236502623696,54.92574850864062,53.81236502623696,54.92574850864062
2024-03-05,54.916924619726494,55.08026972044472,53.85525934301035,54.13586226008796
2024-03-06,54.12831821610187,54.38308019143475,53.49199133216786,53.56940017839096
2024-03-07,53.558372694908364,53.922013995885585,53.16523565526449,53.27455155129772
2024-03-08,53.2624673144,53.566837063352466,53.2624673144,53.54951587623974
2024-03-09,53.52650555402544,53.64954075854311,52.97489913470158,53.34098599618026
2024-03-10,53.33220237495062,54.06206351692826,53.243391959377576,53.622497948121016
2024-03-11,53.61151764574602,53.91544910689294,53.591416640862136,53.68404350706159
2024-03-12,53.67642528223878,53.90827959382564,53.42501923975714,53.665665618581684
2024-03-13,53.65532700559486,54.02220225265396,53.31770682526874,53.647189969877175
2024-03-14,53.63218588659516,53.688300959901056,53.30417213083163,53.41957407797735
2024-03-15,53.41791207759206,53.63459390180958,53.245408776294134,53.3711289268736
2024-03-16,53.362128299607335,53.605788922116595,53.054016261254056,53.34047136623864
2024-03-17,53.340198793170934,53.83388666048331,53.29139463772796,53.47077556996985
2024-03-18,53.446190395611524,54.09198947920593,53.215207199895545,53.90807305213742
2024-03-19,53.85325221084577,54.11193440719071,53.7267824495875,53.82193126133369
2024-03-20,53.824817559090874,54.110927436574606,53.79385468649988,53.88173625110928
2024-03-21,53.8789419217627,53.8789419217627,53.28657827996799,53.28657827996799
2024-03-22,53.28143092432512,53.365756457686054,53.107290161294785,53.23469058356673
2024-03-23,53.23107952507781,53.33834171253551,53.21619266519648,53.21619266519648
2024-03-24,53.21540708124019,53.53780309259226,53.21540708124019,53.53780309259226
2024-03-25,53.53872029492285,53.77091333327216,53.51990279164561,53.77091333327216
2024-03-26,53.76610353661092,53.98243392218702,53.595153479741654,53.760048609110434
2024-03-27,53.758694876400966,54.0814944493205,53.758694876400966,53.974136402978864
2024-03-28,53.97464534811426,54.11603325640127,53.85443702121879,53.998677001907794
2024-03-29,53.997004353221115,53.997004353221115,53.55916976354904,53.709481559956664
2024-03-30,53.70531884749076,53.99122866379605,53.41967733973143,53.76760698127163
2024-03-31,53.767770154893604,53.84853715577277,53.471940934970064,53.60392014370969
2024-04-01,53.62484370320468,54.06270325910053,53.450640575275465,53.99913413883367
2024-04-02,53.999145741834255,54.010550438603,53.84915613663964,53.84915613663964
2024-04-03,53.8494130794833,54.185351456631395,53.66468751853355,54.013392155910445
2024-04-04,54.01458078324086,54.61787554726231,54.01458078324086,54.61787554726231
2024-04-05,54.51509141717261,54.623917367555165,54.36700750360386,54.58104417784644
2024-04-06,54.57026234408529,54.57026234408529,54.548688186413706,54.55955026601653
2024-04-07,54.55565715183464,54.68453777267924,54.30657579822782,54.30657579822782
2024-04-08,54.30555329137048,54.54109399557059,54.12266407906521,54.12266407906521
2024-04-09,54.130004005198906,54.23389117884153,53.88894139174134,54.23389117884153
2024-04-10,54.24077044703219,54.558410071390654,54.24077044703219,54.558410071390654
2024-04-11,54.50278138461479,54.71266970685759,54.25084758995548,54.52826770733713
2024-04-12,54.526604406701765,56.355624275451746,54.51820767660859,55.589830726117704
2024-04-13,55.57454976841706,57.02891800177864,55.4564731403203,56.31086514777658
2024-04-14,56.2913244598091,56.411140479884104,55.562121422921564,55.703224151546884
2024-04-15,55.69843586383105,55.69843586383105,55.22622118617989,55.44522007968891
2024-04-16,55.44141874222136,55.85160531343965,55.44141874222136,55.76653103512499
2024-04-17,55.74270845717583,55.74270845717583,55.35093131680512,55.37346127249314
2024-04-18,55.36869025931885,55.602241359548685,55.36869025931885,55.55446135575103
2024-04-19,55.53743681716158,55.672066335719414,55.527251658815466,55.672066335719414
2024-04-20,55.653875941121115,55.674399935125784,55.036921552589355,55.036921552589355
2024-04-21,55.026132695103946,55.243102349719905,54.94705536280692,55.15563433689885
2024-04-22,55.18134186746326,55.30063363886717,55.13561143023643,55.30063363886717
2024-04-23,55.12533000561548,55.24311608044129,54.74912293940718,55.01630700677887
2024-04-24,55.02237291825822,55.02237291825822,54.65388188277678,54.86563068602547
2024-04-25,54.86988344157487,54.916440047315575,54.82009343425136,54.916440047315575
2024-04-26,54.91602863297058,55.03076316433862,54.833396443657826,54.99335266855282
2024-04-27,54.98663599434806,55.075278295916775,54.37553383323179,54.457488375310234
2024-04-28,54.45652216994545,54.45652216994545,54.19396686197556,54.38656803681805
2024-04-29,54.384030748571156,54.88037252909813,54.384030748571156,54.88037252909813
2024-04-30,54.8866772719553,54.97821779516848,54.86516292615755,54.86516292615755
2024-05-01,54.87144099947906,54.87144099947906,53.924593905940654,53.924593905940654
2024-05-02,54.05005941337973,54.126928811757736,54.05005941337973,54.12518438785243
2024-05-03,54.12304815633102,54.76552068622871,54.12304815633102,54.76552068622871
2024-05-04,54.75688402079899,55.01134819985265,54.75688402079899,55.01134819985265
2024-05-05,55.00751272802068,55.00751272802068,54.846968890675065,54.884599313555846
2024-05-06,54.88407034411114,54.89447325178619,54.6690653129851,54.827481091734555
2024-05-07,54.828370266598505,55.00982807793565,54.77066088070932,54.96307630560751
2024-05-08,54.95897333287213,54.95897333287213,54.76038880398273,54.76038880398273
2024-05-09,54.76248130466511,54.86635896423042,54.72911105706903,54.86635896423042
2024-05-10,54.866006860558926,54.866006860558926,54.691589145943674,54.691589145943674
2024-05-11,54.69264598784307,54.80602249663307,54.64339620985073,54.69725631675273
2024-05-12,54.695015401531464,54.948275719102,54.695015401531464,54.948275719102
2024-05-13,54.94702121540802,55.40245876848542,54.94702121540802,55.40245876848542
2024-05-14,55.401295698601984,55.45236432066838,55.262813340499015,55.45236432066838
2024-05-15,55.463342317840436,56.03596999555853,55.463342317840436,56.03596999555853
2024-05-16,56.02282364339123,56.126965280379515,55.905982195981885,56.02519309781939
2024-05-17,56.02055628150322,56.09985249820827,55.745729906404925,55.89427266676796
2024-05-18,55.8855824060728,55.9392769910118,55.62444781617253,55.762061654919236
2024-05-19,55.759296733092235,55.99283957738943,55.759296733092235,55.95306177654169
2024-05-20,55.92471484210626,56.0704110359929,55.08830613377135,55.20699970351678
2024-05-21,55.206622068099364,55.206622068099364,54.44939954378724,54.44939954378724
2024-05-22,54.44854180312255,54.757072544558625,54.311720397210486,54.38372026826927
2024-05-23,54.37746531124898,54.63018424466147,53.87884206955589,54.034564270428554
2024-05-24,54.03552919543514,54.435339664647884,54.03552919543514,54.435339664647884
2024-05-25,54.4386293644332,54.560729115020045,54.374935535411275,54.490816143076785
2024-05-26,54.491802648286495,54.491802648286495,54.10167644564879,54.18741671321595
2024-05-27,54.187484090851804,54.187484090851804,54.04967746585652,54.04967746585652
2024-05-28,54.046780487144794,54.046780487144794,53.84685523049738,53.91857808582326
2024-05-29,53.889632845032196,53.96023468131651,53.70796415327542,53.96023468131651
2024-05-30,54.11401908236068,54.5244329777411,54.11401908236068,54.5244329777411
2024-05-31,54.52120163094671,54.52120163094671,54.22897065709616,54.23513434056686
2024-06-01,54.22921005211493,54.29839928518352,53.94933033506357,54.10437643207915
2024-06-02,54.10249303967854,54.38534181072857,54.09479732836211,54.27037939140913
2024-06-03,54.269296225839426,54.55388842412565,54.269296225839426,54.54026824671594
2024-06-04,54.5377590218009,54.67125831382407,54.5377590218009,54.572037057226176
2024-06-05,54.568576309227936,54.69312634392026,54.40638683081329,54.4722384831104
2024-06-06,54.460588668621725,54.70939799255722,54.41860846541744,54.58637853807026
2024-06-07,54.57654018157279,55.68074158040389,54.57654018157279,55.033117877118386
2024-06-08,55.034699582320755,55.39293228073474,54.859529030276946,55.263746159732186
2024-06-09,55.26284589365267,55.393301151202465,55.101576195537824,55.197984024003176
2024-06-10,55.19398582941235,55.682550927817445,55.19398582941235,55.57483498653571
2024-06-11,55.58165736626167,55.773845546995716,55.50828195634166,55.76296360368759
2024-06-12,55.73418905848585,55.937923241347335,55.457022775806855,55.457022775806855
2024-06-13,55.45054882489088,55.72059802734493,55.437003029425604,55.66033778242993
2024-06-14,55.662228415745254,55.839677622658826,55.437242359905206,55.53599984212635
2024-06-15,55.535997649671195,55.58653617600281,55.09340054548335,55.230826365683996
2024-06-16,55.22958852554315,55.409729128919025,55.02180985409202,55.08400197716738
2024-06-17,55.08386994721769,55.85125098622788,55.08386994721769,55.85125098622788
2024-06-18,55.6710955746571,56.29213288648087,55.63175120198288,55.760749332244295
2024-06-19,55.74737784128019,55.75078097451036,55.224936479104294,55.31264235343537
2024-06-20,55.30043392938669,55.572725592267005,55.27119021636431,55.45541786494987
2024-06-21,55.441540408162126,55.441540408162126,55.178659707063126,55.178659707063126
2024-06-22,55.17020549237343,55.41639048770675,55.15195724366411,55.297793106127344
2024-06-23,55.297169702219385,55.461506784313144,55.14240323926093,55.34694983822648
2024-06-24,55.35249779540796,55.35249779540796,54.342908357306726,54.342908357306726
2024-06-25,54.51806286997448,54.71658725778299,54.51806286997448,54.71658725778299
2024-06-26,54.717462383970386,54.75922915947756,54.527173772337974,54.527173772337974
2024-06-27,54.52260279643302,54.61589161549133,54.27566027720643,54.27566027720643
2024-06-28,54.28446465986059,54.32634001388769,54.22360208289165,54.32634001388769
2024-06-29,54.333031303111746,54.578962476243774,54.333031303111746,54.578962476243774
2024-06-30,54.57815934675595,54.81034558630926,54.57815934675595,54.81034558630926
2024-07-01,54.80801434891154,54.895584425564316,54.72610818212886,54.885546813222575
2024-07-02,54.8331114486825,54.8331114486825,54.426753066669384,54.426753066669384
2024-07-03,54.428578091354474,54.64082078871913,54.39724926110948,54.64082078871913
2024-07-04,54.63087842000339,55.00698641626269,54.60318307102274,55.00698641626269
2024-07-05,55.0001935874911,55.45511089187518,54.823855727979755,55.145246077513576
2024-07-06,55.131698231308654,55.131698231308654,54.808084110343934,54.85330339434237
2024-07-07,54.84779914380411,55.10546359443992,54.84779914380411,55.07063095433955
2024-07-08,55.06683051643697,55.15560478568023,54.731933168895274,54.731933168895274
2024-07-09,54.72880461056321,54.944080723365,54.72880461056321,54.944080723365
2024-07-10,54.93882060668955,54.94019251075885,54.60927708784451,54.60927708784451
2024-07-11,54.606732613444045,54.742931721206226,54.55938202302795,54.55938202302795
2024-07-12,54.54876999911301,54.57249571392081,54.420497568277504,54.420497568277504
2024-07-13,54.430479162122516,54.62051655581068,54.430479162122516,54.62051655581068
2024-07-14,54.61617253329921,54.83955006439876,54.61617253329921,54.80472354446134
2024-07-15,54.804563640460856,54.94703402713099,54.804563640460856,54.94703402713099
2024-07-16,54.940001514438066,55.15303646851881,54.85713924049962,55.15303646851881
2024-07-17,55.14513033826069,55.16704107762016,54.97716446564323,55.062483016715206
2024-07-18,55.05255154621531,55.132678908311675,54.8399920466792,54.985322498965694
2024-07-19,55.01324402239957,55.41122966478847,55.01324402239957,55.38323551679597
2024-07-20,55.34291241616989,55.42725410384818,55.30581111950043,55.356746268532284
2024-07-21,55.35117380615988,55.51952520375772,55.33438372519751,55.391069018659465
2024-07-22,55.41145143701014,55.814848340487785,55.32170316130707,55.814848340487785
2024-07-23,55.79783669276609,55.79783669276609,55.339399827920424,55.339399827920424
2024-07-24,55.336313000511005,55.82691877341062,55.336313000511005,55.62923937534141
2024-07-25,55.63593284212146,56.505386273413706,55.63593284212146,56.505386273413706
2024-07-26,56.50407699965771,56.54313986050551,56.50407699965771,56.542564177996134
2024-07-27,56.53405255273416,56.631024688919304,56.53405255273416,56.631024688919304
2024-07-28,56.63019304668649,56.75721878249848,56.55092915084704,56.75721878249848
2024-07-29,56.75993074732656,56.75993074732656,56.17479605884797,56.17479605884797
2024-07-30,56.179446793623185,56.20223506755475,55.86123332070391,56.13175562237426
2024-07-31,56.131261110459775,56.131261110459775,55.9048887960774,55.96283775955251
2024-08-01,55.958199672872034,56.462528731996265,55.958199672872034,56.462528731996265
2024-08-02,56.46940833402827,56.54582257602341,56.42276878420237,56.44483933171727
2024-08-03,56.442174040635706,56.86147735427166,56.442174040635706,56.804069100389384
2024-08-04,56.79774918174486,57.18137028730629,56.685895248453896,57.014429669878766
2024-08-05,57.069493221163,57.31646547753817,56.97915566852734,57.0154754047944
2024-08-06,56.93408199944009,57.03424842107393,56.81899382565734,57.03424842107393
2024-08-07,57.01480102952975,57.332578214233976,56.7533649271238,57.10949770204186
2024-08-08,57.09284313700981,57.67716215653888,57.09284313700981,57.53335527953604
2024-08-09,57.52258941194991,57.70745611445888,57.338041686263416,57.70745611445888
2024-08-10,57.70000852991467,57.70000852991467,57.51964999773688,57.615787071022915
2024-08-11,57.615670998773304,57.615670998773304,57.32799206249034,57.54852404144428
2024-08-12,57.54050811354998,57.54050811354998,56.82000371844631,56.82000371844631
2024-08-13,56.803955434036034,57.39535503259064,56.803955434036034,57.277610004863554
2024-08-14,57.269848919943065,57.269848919943065,56.759460612242854,56.759460612242854
2024-08-15,56.74420060675507,56.9587879377585,56.61435874300297,56.81180989532759
2024-08-16,56.799092311972245,57.312086158766995,56.799092311972245,57.312086158766995
2024-08-17,57.30307321292335,57.38296453701918,57.217323356935815,57.27055565961745
2024-08-18,57.26909220241322,57.26909220241322,56.91373289139223,56.91373289139223
2024-08-19,56.90844251177669,56.96607630567825,56.85341605033917,56.92964070420137
2024-08-20,56.90771585512052,57.077520499675046,56.846760241249115,56.846760241249115
2024-08-21,56.84009757528558,57.29858714114944,56.84009757528558,57.29858714114944
2024-08-22,57.28695882064672,57.28695882064672,56.84775226459712,56.84775226459712
2024-08-23,56.85074071233721,57.365626832570136,56.85074071233721,57.26392678500416
2024-08-24,57.24790873184522,57.42665715129781,56.84427164099408,57.20143440516463
2024-08-25,57.1972521278337,57.623706730122706,57.1972521278337,57.48370641154767
2024-08-26,57.47206098751397,57.71060482978743,57.39165231926321,57.58587419224729
2024-08-27,57.58670436530041,57.58670436530041,57.37683939949938,57.49084753735551
2024-08-28,57.491426620483296,57.491426620483296,57.15861066785634,57.15861066785634
2024-08-29,57.15761663961428,57.45197187956125,57.15761663961428,57.3733119328032
2024-08-30,57.37203125467264,57.48313258146436,57.3003626137836,57.3003626137836
2024-08-31,57.29636171260854,57.476266909083805,57.28523576038411,57.404740514648836
2024-09-01,57.40109462770263,57.63048901810011,57.38316826061052,57.486316005916294
2024-09-02,57.48151609586242,57.55251013756126,57.41569671659721,57.46089414599487
2024-09-03,57.46593396687667,57.64747231657722,57.46593396687667,57.59562765395367
2024-09-04,57.596425489067435,57.697556592143705,57.437030024266456,57.580312373995845
2024-09-05,57.63299351330038,57.63299351330038,57.38223324184122,57.38366927897789
2024-09-06,57.3336548766736,57.3336548766736,57.2124442751408,57.2124442751408
2024-09-07,57.20850053238167,57.20850053238167,56.926092290176236,56.92941336119809
2024-09-08,56.92875998786266,56.92875998786266,56.86632228440352,56.91944818472206
2024-09-09,56.915217436953355,57.41155788236725,56.915217436953355,57.22584829537497
2024-09-10,57.226314333843874,57.26884032499674,57.226314333843874,57.26884032499674
2024-09-11,57.266743967561695,57.38225721224117,57.244474337118454,57.38225721224117
2024-09-12,57.3626630456083,57.50525359384234,57.26580325906673,57.34383447109369
2024-09-13,57.34173343591681,57.78832466699679,57.34173343591681,57.78832466699679
2024-09-14,57.77112612469909,57.787041006149664,57.67315518889091,57.71239488836992
2024-09-15,57.705232276742514,58.018259629136196,57.670538126368584,58.00771074018195
2024-09-16,58.006353790972135,58.006353790972135,57.86206226825185,57.883170577428764
2024-09-17,57.8870489143847,58.405070832000725,57.8870489143847,58.405070832000725
2024-09-18,58.40133085799645,58.58637743944537,58.40133085799645,58.58637743944537
2024-09-19,58.58581088900397,58.60895837803487,58.414543992994595,58.414543992994595
2024-09-20,58.40678340561599,58.440801709324795,58.03051365894335,58.03051365894335
2024-09-21,58.014050982476526,58.12070392359385,57.580218512241174,57.61792226101681
2024-09-22,57.6170758774904,58.02024992280004,57.6170758774904,57.99886846628939
2024-09-23,57.99636224656282,57.99636224656282,57.48075499514302,57.48075499514302
2024-09-24,57.47586767357766,57.61437652748247,57.47586767357766,57.526327751373685
2024-09-25,57.533989938084105,57.650548835483626,57.46268946984907,57.545303087277134
2024-09-26,57.54415146190467,57.6750636953556,57.54415146190467,57.6750636953556
2024-09-27,57.66513381969,57.686125067155395,57.31951098316203,57.434888287278774
2024-09-28,57.43136583550166,57.769272789304246,57.308427507760406,57.5949616462077
2024-09-29,57.592571736992056,57.81307815096572,57.34047911027065,57.52941446740487
2024-09-30,57.52476665796906,57.52476665796906,57.379909630719474,57.379909630719474
2024-10-01,57.38677728989949,57.699146978629415,57.06723492866347,57.503417320590145
2024-10-02,57.500829600776434,58.01847525343655,57.500829600776434,58.01847525343655
2024-10-03,58.00860916979933,58.34831798368195,57.94237022235512,58.205705970759624
2024-10-04,58.20851062227136,58.228080677438534,58.03980992502247,58.093833571388586
2024-10-05,58.09425900411516,58.272650184147835,57.990887744604116,58.134308617719284
2024-10-06,58.130030915608884,58.15550215064577,57.99137029124948,58.08025836945764
2024-10-07,58.07684061277051,58.19020756024976,58.02584943640827,58.0610095206627
2024-10-08,58.118028381080435,58.293090437485375,58.01840267426554,58.01840267426554
2024-10-09,57.95404707700374,57.95404707700374,57.70206077805283,57.87075008327848
2024-10-10,57.86484815107147,57.86484815107147,57.64891256262139,57.681251342678586
2024-10-11,57.6834801037742,58.097093653369924,57.682332495156594,57.982080643330605
2024-10-12,57.978898181893115,58.05930323068047,57.877092063727,57.97155744802577
2024-10-13,57.967150133711144,57.977064583146145,57.832459464181994,57.92837639660342
2024-10-14,57.92759062032401,58.10650484137335,57.92759062032401,58.10650484137335
2024-10-15,58.10164333051399,58.673283764588355,58.10164333051399,58.673283764588355
2024-10-16,58.669890954123204,58.85629787362924,58.669890954123204,58.85629787362924
2024-10-17,58.85251021664193,59.03902857219019,58.663025759630436,58.98606229655671
2024-10-18,58.98659907202759,59.00648991851888,58.91792925383766,58.95710264339461
2024-10-19,58.94768018899663,58.983126351931695,58.74542229664049,58.846819554716355
2024-10-20,58.85011353171844,58.97495327583714,58.4737689650057,58.4737689650057
2024-10-21,58.4667927828065,58.4667927828065,58.34033249628746,58.36403957987909
2024-10-22,58.370746318745816,58.567539960837664,58.272789141045365,58.567539960837664
2024-10-23,58.56953794096109,58.828292078718945,58.42712702997515,58.749703832856895
2024-10-24,58.75174727507482,59.038659454705424,58.75174727507482,59.038659454705424
2024-10-25,59.03625713528373,59.74918631075292,59.03625713528373,59.57797281274549
2024-10-26,59.56861987728499,59.6589283576814,59.22169059249194,59.3203278041762
2024-10-27,59.31955375110445,59.428881722219906,59.28366019869421,59.359943357903
2024-10-28,59.35998944540963,59.66389206010723,59.35998944540963,59.66389206010723
2024-10-29,59.665824359702526,60.0707069490674,59.665824359702526,60.0707069490674
2024-10-30,60.065563574778544,60.11789419933932,59.74662911479427,60.07513310180116
2024-10-31,60.046524594235315,60.23627932128982,60.01601734856035,60.23627932128982
2024-11-01,60.2664208167479,60.2664208167479,60.121094096408314,60.121094096408314
2024-11-02,60.115545898142585,60.391790565784575,60.07052722402075,60.257698631564516
2024-11-03,60.25498964019672,60.54249996903258,60.20914011773597,60.47339677104807
2024-11-04,60.47132919534057,60.57318675032916,60.40945411369092,60.558650896290835
2024-11-05,60.556705782003185,60.56175600802004,60.543217523581816,60.56175600802004
2024-11-06,60.53577081812872,60.55583432241791,60.5117940889055,60.55583432241791
2024-11-07,60.51171452630809,60.51171452630809,59.79746993893611,59.84762498576934
2024-11-08,59.82449200829474,60.00343361794502,59.56981636990528,59.67366774692201
2024-11-09,59.64168899083477,59.64168899083477,58.564220207871564,58.754727474967275
2024-11-10,58.754693366394186,59.07193064384071,58.6124277238024,59.00183545286001
2024-11-11,58.99800389005263,59.95210253414426,58.99800389005263,59.91442918369236
2024-11-12,59.90496195101272,60.41636957824086,59.28916561012183,60.291281816114115
2024-11-13,60.265940228237625,61.057234485429426,60.265940228237625,61.057234485429426
2024-11-14,61.02456088482864,61.082425638897696,60.48089648321935,60.80851847201475
2024-11-15,60.78516460205194,61.15412886922263,60.78516460205194,60.935898551029254
2024-11-16,60.92397916511773,61.00344334976368,59.611465762347926,60.13545544358034
2024-11-17,60.13041911927939,60.6256351007888,59.59654557835011,60.141598975342006
2024-11-18,60.13660641411165,60.28334193574222,59.56728678030729,59.56728678030729
2024-11-19,59.537334796341156,60.360283354373664,59.537334796341156,60.360283354373664
2024-11-20,60.35404791750588,61.18258855888297,60.35404791750588,61.18258855888297
2024-11-21,61.133999314522114,61.53187518578904,60.5315753044216,60.72597812342061
2024-11-22,60.70096287863683,60.92043114377238,59.80139890816596,60.131161289803046
2024-11-23,60.093582770468224,60.093582770468224,58.349064618579284,59.15667790787482
2024-11-24,59.147824200485246,59.8767278531679,58.46999488098703,59.20753821087401
2024-11-25,59.2025890950294,59.2025890950294,58.48345484627671,58.51066688331586
2024-11-26,58.51230517142304,59.21927689856481,58.451518686954515,58.58068326472819
2024-11-27,58.58492375746762,58.87701343600743,58.19254928243565,58.19254928243565
2024-11-28,58.16940456369208,58.57934565369581,57.88713402729698,58.20404275995518
2024-11-29,58.19830444141301,58.39314259731992,57.93273979054527,57.97210655778912
2024-11-30,57.96362640540811,57.98510113297161,57.017672060892885,57.237465081515815
2024-12-01,57.21612045810514,57.53919866497335,56.55345645389297,56.80401416264087
2024-12-02,56.796671277156804,57.27594275172918,55.67250768985189,55.97152209696992
2024-12-03,55.963744770006244,56.79688113004748,54.56370446597922,55.5047211997869
2024-12-04,55.41753463204776,55.852266302335764,54.687975995128426,55.79641332644617
2024-12-05,55.77911533568276,56.10790362018617,55.18836380794888,55.65416045922438
2024-12-06,55.634600151331036,55.81077863404851,55.32429166157746,55.32838239315008
2024-12-07,55.291967958029545,55.46110962578821,54.78082195137388,55.1104157085536
2024-12-08,55.10724614980816,55.41051709046454,55.06234699552503,55.3634475468207
2024-12-09,55.36277637285127,57.90058864400138,55.30505233730638,56.93074765044135
2024-12-10,56.939243623085666,57.94618246840201,56.45495691297621,56.93522059769843
2024-12-11,56.9267348504909,57.394214326310674,56.75921862903511,56.85629715700592
2024-12-12,56.81690531500252,56.81690531500252,56.117051628589266,56.40066040603809
2024-12-13,56.375773995699,56.61255583866974,56.21044202001889,56.497042697051725
2024-12-14,56.48155646341259,57.14247095778583,56.3943411145959,56.94277839120034
2024-12-15,56.93669784467596,57.28410676101705,56.93669784467596,57.17534200524016
2024-12-16,57.17265449432275,57.6971801112259,57.17265449432275,57.6971801112259
2024-12-17,57.68669617436801,58.237024276559524,57.50743813845243,57.9722450334473
2024-12-18,57.96386671250643,58.42588100823085,57.82172973999965,58.25715220457537
2024-12-19,58.23655080657502,59.10216415358035,58.1929504961501,58.88195019015319
2024-12-20,58.880419992974794,59.92224220371033,58.246477979785816,58.48424166988765
2024-12-21,58.470950091397086,59.28785446423173,58.054526725485054,59.15734427886768
2024-12-22,59.154657349936144,59.154657349936144,58.662652131129136,58.880837468915445
2024-12-23,58.88289715022116,58.88289715022116,57.76626183159435,57.76626183159435
2024-12-24,57.63510514305394,58.048820058869225,57.63510514305394,58.048820058869225
2024-12-25,58.05290018811831,58.3632117722602,57.911749089043,58.3632117722602
2024-12-26,58.33581250009934,58.61361894661492,58.185639286109506,58.459883293970016
2024-12-27,58.4445626455873,58.4445626455873,58.032153341277535,58.089718969793694
2024-12-28,58.096087047045394,58.24360269848087,57.66191961644063,57.7887737578051
2024-12-29,57.79307823031721,58.05343491145495,57.63035949504943,58.02600221520119
2024-12-30,58.02586198736643,58.02586198736643,57.70475687114022,57.80776767415884
2024-12-31,57.755974238713414,58.083419157031614,57.755974238713414,58.083419157031614
2025-01-01,58.07126391527729,58.11898029193535,57.55197666097748,57.594819216028824
2025-01-02,57.68176765634851,57.7585406282497,57.44053933007082,57.65591065061131
2025-01-03,57.64294707347547,57.67976648659548,56.91692812911234,56.93343602822747
2025-01-04,56.919782301464615,57.143903320348066,56.63272561892325,56.84432247375738
2025-01-05,56.84172705815838,57.15396405029759,56.78457715993706,57.02153818531174
2025-01-06,57.021254255767154,57.673240704191805,57.021254255767154,57.673240704191805
2025-01-07,57.663777176842466,58.09399551459627,57.52392151346953,58.09399551459627
2025-01-08,58.09971458262591,58.234670095171715,57.79070435938268,57.89507677938598
2025-01-09,57.86636212364078,58.106175356415754,57.70835632424605,58.02895587946269
2025-01-10,58.051806409808584,58.13874486462597,58.00785999607273,58.13834471668341
2025-01-11,58.122297707504025,58.23819890425135,57.49992795886272,57.717266146438085
2025-01-12,57.71651532470125,58.04179519770615,57.71651532470125,57.98298593800126
2025-01-13,58.00336645950763,58.593630541887606,57.878858321950354,58.507038826345095
2025-01-14,58.511362893588405,58.600141104775574,58.30050368327999,58.34545371014046
2025-01-15,58.34569874289994,58.64896080335906,57.476901941900316,57.60087192180258
2025-01-16,57.592207936361696,57.84887276424746,57.07037726165076,57.696818341828546
2025-01-17,57.65412990314943,57.74848767277961,57.65412990314943,57.696386594517215
2025-01-18,57.663596511065215,58.69809583631556,57.21360578167904,58.176063323269766
2025-01-19,58.132902664254885,58.89494678788275,57.68251098645708,58.644561789965785
2025-01-20,58.62831998476891,58.90414596556878,58.568770252162615,58.568770252162615
2025-01-21,58.45157154659278,58.854316544654885,58.45157154659278,58.854316544654885
2025-01-22,58.803389758601874,58.803389758601874,58.294873004284206,58.53765131439766
2025-01-23,58.54857002891224,58.87559396255273,58.54857002891224,58.575485067245936
2025-01-24,58.56100016010469,58.96611283236347,58.56100016010469,58.96611283236347
2025-01-25,58.953700654726894,59.1000362048282,58.62579540475795,58.81586416753933
2025-01-26,58.815758887519785,59.03332029991921,58.583484994315725,58.98493362219547
2025-01-27,58.983764237141514,59.58960685555594,58.91575585113821,59.06572660154511
2025-01-28,59.06414401042497,59.57792900082419,58.95826134614517,59.575855775600985
2025-01-29,59.562546098322876,59.846003301806796,59.507847304120254,59.8391327369023
2025-01-30,59.83838305018113,59.89115841901681,59.28377884746825,59.28377884746825
2025-01-31,59.266530855898935,59.266530855898935,58.79473638724754,58.79473638724754
2025-02-01,58.779885245209314,59.746494703889596,58.59587706211198,59.672796769373846
2025-02-02,59.64964462493442,61.30402174796748,59.41763778229014,60.76341966080726
2025-02-03,60.75973472894039,64.33590565986734,60.75973472894039,61.05241874788923
2025-02-04,61.01863824038949,61.67946524893699,60.85042148238304,61.36644169937168
2025-02-05,61.35220534097876,61.649055676154994,61.12839262530609,61.357295802990585
2025-02-06,61.33470180678554,61.9733727707648,61.28972249875355,61.91329402365281
2025-02-07,61.889605686644344,62.267305585362095,61.63664819623761,61.92400815668645
2025-02-08,61.91396779079999,62.03510780960259,61.41515438228385,61.57715021615871
2025-02-09,61.5755208312583,61.948980870987405,61.14025648921741,61.66450846749173
2025-02-10,61.659853956481946,61.91206876469684,61.44079422830389,61.57440013504484
2025-02-11,61.57682678348342,61.57682678348342,60.99837230906252,61.27389758460495
2025-02-12,61.27548771652624,61.485126408989984,60.75102744515763,60.995875223498075
2025-02-13,60.99378473396272,61.21092865901952,60.610032581845196,60.970537213615685
2025-02-14,60.96541047992549,61.07461393179068,60.33589529382639,60.64752627776161
2025-02-15,60.623798224409185,61.03553366838314,60.3938023266829,60.84182137628552
2025-02-16,60.83904893668245,60.93182191766277,60.55926807540227,60.725741413053555
2025-02-17,60.720168826148466,61.04675752245655,60.18643045765549,60.65902055413341
2025-02-18,60.65396870556119,61.361142325766075,60.65396870556119,61.276995979632154
2025-02-19,61.28210271651784,61.43166385401009,60.892524781258295,61.079420788127194
2025-02-20,61.07701333633522,61.26581771556242,61.051414978488324,61.23043667233101
2025-02-21,61.21832719654166,61.43691275447384,60.90198124764401,61.368241589201524
2025-02-22,61.3471992397807,61.37667130448862,60.75736541390862,60.948299133436855
2025-02-23,60.947792689048505,61.015632350315364,60.58611243847031,60.85681196189806
2025-02-24,60.84642176460194,62.13753212737475,60.7203022621121,61.900759720476685
2025-02-25,61.900837303989356,61.900837303989356,61.03213305850284,61.03213305850284
2025-02-26,61.036852808644646,61.036852808644646,60.575751550513246,60.575751550513246
2025-02-27,60.58351361733494,60.79138105310927,60.58351361733494,60.76211391688835
2025-02-28,60.7704887502797,60.89874004728727,60.61525664738785,60.89874004728727
2025-03-01,60.85566506057547,61.30291718715605,60.85566506057547,61.24035263088636
2025-03-02,61.233484199813624,61.30271295231571,60.271905753525665,60.40817381084762
2025-03-03,60.403032488810716,61.630245482384005,60.25944775756589,61.4888779660324
2025-03-04,61.24575136035288,61.377606999204914,61.24575136035288,61.2704763934566
2025-03-05,61.256452695640206,61.57982944045265,61.256452695640206,61.57982944045265
2025-03-06,61.564106153049444,61.564106153049444,61.35605641691134,61.55552264803338
2025-03-07,61.54317353156104,61.54317353156104,61.256140235711456,61.381793761928826
2025-03-08,61.35849662092604,61.436031907012925,60.91834465682703,61.25004440532926
2025-03-09,61.19898939067119,61.36281541136766,61.110884421952505,61.2774424207671
2025-03-10,61.27261183604651,61.85028387150875,61.16387159043458,61.799719864966164
2025-03-11,61.798549968933536,62.23141357499027,61.798549968933536,62.23141357499027
2025-03-12,62.221929801522826,62.221929801522826,61.9141412532756,62.11744503995247
2025-03-13,62.11034358677565,62.11034358677565,61.66340648852846,61.66340648852846
2025-03-14,61.66080898310372,61.87262089247333,61.66080898310372,61.864836540372266
2025-03-15,61.84906928115284,61.8623862761442,61.36878917913846,61.561830365726976
2025-03-16,61.55930715175929,61.84982013812523,61.55930715175929,61.756743974447126
2025-03-17,61.76088022208022,61.805449642293965,61.55161105938559,61.68068260332008
2025-03-18,61.678601851241,61.678601851241,61.45641951999777,61.45641951999777
2025-03-19,61.446001941048145,61.61780004860682,61.392761824225815,61.578990596704855
2025-03-20,61.56093662866737,61.582721404948714,61.42188798049419,61.42188798049419
2025-03-21,61.40068038903501,61.61846670370199,61.300871969906076,61.5479718732262
2025-03-22,61.53094302989871,61.54695125046506,61.28120837361403,61.41459617325676
2025-03-23,61.41291003574467,61.76947704950756,61.41291003574467,61.76947704950756
2025-03-24,61.76876963611774,61.8493146788504,61.565928276326574,61.565928276326574
2025-03-25,61.55229946352423,61.6023514095633,61.43713615755225,61.475141591881645
2025-03-26,61.466204803805105,61.78003139438135,61.33866115543095,61.78003139438135
2025-03-27,61.77290323077922,61.77290323077922,61.53477136882106,61.7597835948127
2025-03-28,61.75832757667282,62.086595968526794,61.7250926956699,61.99158021687404
2025-03-29,61.9904590898362,62.24268093242748,61.87735083973168,62.186130110975704
2025-03-30,62.185749540090725,62.295913736985895,62.03764670409237,62.21075239966988
2025-03-31,62.221834945569164,62.48139598875713,62.221834945569164,62.30625654893194
2025-04-01,62.29733718580389,62.51397177779412,62.24139354916538,62.51397177779412
2025-04-02,62.502456200683575,62.93804655256172,62.502456200683575,62.78161942686782
2025-04-03,62.76977962195631,62.994933835348974,62.616660017449824,62.80929452670705
2025-04-04,62.818600581561604,62.90937275109939,62.75408584588349,62.79947544273472
2025-04-05,62.798700988210065,62.852017996708,62.69918167053438,62.81511262182777
2025-04-06,62.82096380392657,63.371268629159246,62.76295319824361,63.32067729605668
2025-04-07,63.321935003161556,64.00364167113976,63.321935003161556,63.52036820035124
2025-04-08,63.52677623068749,63.56935256442381,63.325287961319965,63.34720990565552
2025-04-09,63.34956805726365,63.570629652258916,63.238642150631044,63.25524586138166
2025-04-10,63.2284891618818,63.410717126655214,63.17636692554416,63.23343333389057
2025-04-11,63.23012836496811,63.722790017694344,63.184587183050375,63.722790017694344
2025-04-12,63.7191057989978,63.768093689907055,63.269493309504284,63.36245645040511
2025-04-13,63.36137951326489,63.680101192637736,63.2908770862597,63.54937379889096
2025-04-14,63.55020133369561,63.69782811266099,63.35426996815588,63.69782811266099
2025-04-15,63.685921311968265,63.90753792878241,63.685921311968265,63.84234907938179
2025-04-16,63.862035951804174,64.13938143290356,63.862035951804174,63.93809906892884
2025-04-17,63.92541310683584,64.04422506366055,63.84977543545822,64.0294255750832
2025-04-18,64.02663266888912,64.0750625312698,63.810567805515916,63.85732606619183
2025-04-19,63.85642353458574,63.908021857657616,63.70075939933123,63.70467577928384
2025-04-20,63.70747968096878,63.86452659695683,63.58887269279234,63.86452659695683
2025-04-21,63.859039063029144,64.45124198465753,63.859039063029144,64.45124198465753
2025-04-22,64.4271009848952,64.60039421006924,64.4271009848952,64.56950901869264
2025-04-23,64.5500135335037,64.5500135335037,64.13375496932868,64.41310411877511
2025-04-24,64.39920112801187,64.59853832073084,64.17312262370234,64.41375588278075
2025-04-25,64.40041079249973,64.50621678478743,64.30672680203568,64.50621678478743
2025-04-26,64.48104070313182,64.48104070313182,64.05187814578619,64.30740218731916
2025-04-27,64.31100613108407,64.53162245024079,64.1125653586182,64.27255741584992
2025-04-28,64.27284552743988,64.44012114751641,64.09338777127108,64.39447139515829
2025-04-29,64.37594365629215,64.49063503167503,64.17406513268942,64.43321779016675
2025-04-30,64.43800426981944,64.81148559869362,64.41721876282939,64.50319243293863
2025-05-01,64.48695700496857,64.74685184135505,64.48695700496857,64.74685184135505
2025-05-02,64.73921616897529,64.97631251170328,64.73921616897529,64.83904276828713
2025-05-03,64.832624576788,65.00689122065691,64.73012871268182,64.8631678800679
2025-05-04,64.85732794603348,64.85732794603348,64.75782932667293,64.77974927056262
2025-05-05,64.77299616579893,64.90153458163358,64.60825699303257,64.83320820099195
2025-05-06,64.84956233195656,65.27230198773434,64.84956233195656,65.27230198773434
2025-05-07,65.2717328525564,65.38350669222623,65.18267142661874,65.36099244931167
2025-05-08,65.31442403188775,65.3363285444169,64.45740957583158,64.45740957583158
2025-05-09,64.46200448537209,64.53937322159142,63.228589160373595,63.63659914665991
2025-05-10,63.630399674026194,63.85451502442028,62.635761419636594,62.736303959677606
2025-05-11,62.73655688331734,63.50645957058647,62.503189638178846,63.1519631282188
2025-05-12,63.14555327032634,63.14555327032634,62.23630213016121,62.621122112088244
2025-05-13,62.61547121147926,63.1435408359848,62.06985238416648,62.17902867610562
2025-05-14,62.173188116225276,62.716860980747114,61.89497529703295,62.58280861812218
2025-05-15,62.574694122221416,63.29502054328837,62.47009920607215,63.29502054328837
2025-05-16,63.27702131468628,63.419137903079424,62.85895730045195,63.34482635523575
2025-05-17,63.33964472286543,63.789823122835124,63.2906635283374,63.634114893611695
2025-05-18,63.63222016297233,64.15204416310048,63.46770652953929,63.85130437519303
2025-05-19,63.860001305386696,64.07003562453242,63.81018340860205,63.88759679703648
2025-05-20,63.87509751177828,64.10745385762233,63.817283280956794,64.10745385762233
2025-05-21,64.09176501331896,64.29337529191166,64.09176501331896,64.29337529191166
2025-05-22,64.28045200525646,64.28045200525646,63.852046904805626,64.00942901251732
2025-05-23,63.99721493596,64.16248489553374,63.49653327823055,64.11382333210409
2025-05-24,64.1088328510167,64.13577553456695,64.07324686564958,64.07324686564958
2025-05-25,64.07175216998607,64.38861501762892,64.07175216998607,64.21264696081404
2025-05-26,64.20810430390034,64.40936644793786,64.14909533529355,64.33907515259799
2025-05-27,64.33727921227853,64.33727921227853,63.88880424980463,63.8975284173019
2025-05-28,63.89834093095889,64.00419351085172,63.7485023514968,63.7485023514968
2025-05-29,63.7496044941056,63.75195589512226,63.473260312622884,63.7090648983936
2025-05-30,63.70616854936513,64.4139457989462,63.70616854936513,64.33038294399915
2025-05-31,64.33600408397156,64.64051374897348,64.22660953931431,64.38769552126159
2025-06-01,64.38190461282375,64.65190214933891,64.38190461282375,64.48296169491402
2025-06-02,64.46324690105547,64.52629368487145,64.15676483920669,64.2559913655865
2025-06-03,64.24687470867703,64.26587692937912,63.9725676791905,64.16442856793314
2025-06-04,64.15077125275536,64.20054319501052,63.864998491131566,64.16796389797476
2025-06-05,64.16718510330898,64.59062076408762,64.14442072460595,64.55837208099912
2025-06-06,64.55468299742022,64.71191270380689,64.53456105488328,64.71191270380689
2025-06-07,64.70254214441785,64.7292092719603,64.51950494290962,64.61677647335628
2025-06-08,64.61107656438573,64.74408390316725,64.44067152905215,64.57018948714781
2025-06-09,64.57093043379825,64.74773118086499,64.57093043379825,64.64020048414008
2025-06-10,64.63607962729573,64.63607962729573,63.99042988567851,64.07694100330681
2025-06-11,64.07350472866923,64.19784135069652,63.76068512424071,64.11908166365282
2025-06-12,64.11614172940014,64.4586596019333,64.05525107336511,64.31729897480868
2025-06-13,64.2947214008126,64.86811656180092,64.2947214008126,64.70528237827376
2025-06-14,64.69952834747534,64.94215877611896,64.6444744140211,64.87048616934972
2025-06-15,64.87000690633063,64.88639068775183,64.68595226046764,64.69820744519885
2025-06-16,64.6914168754511,64.89771637488647,64.50117229678706,64.89771637488647
2025-06-17,64.8933327085422,64.8933327085422,64.71930231644203,64.81735046895992
2025-06-18,64.81959016174513,65.01426870611688,64.744743278657,64.84966217148586
2025-06-19,64.85193233602683,64.98036368646812,64.72108412371149,64.83232734166394
2025-06-20,64.80968732121418,65.24212999170351,64.80968732121418,65.1428208216189
2025-06-21,65.14283792690024,65.75175620394864,65.01604203572485,65.50373066755456
2025-06-22,65.50859679331242,65.94512412105384,65.50859679331242,65.71635260480429
2025-06-23,65.70693125309944,65.70693125309944,65.34228036255757,65.34645727100316
2025-06-24,65.33125508031766,65.4405735528054,65.08003644673704,65.28137169380949
2025-06-25,65.26945524114903,65.71636391413463,65.26945524114903,65.71636391413463
2025-06-26,65.70988560067642,65.97379510978342,65.42512891045611,65.91213374929714
2025-06-27,65.9061926874976,66.02583801279273,65.65809517575867,65.74895099301278
2025-06-28,65.74930325614136,65.83062487675053,65.44370549215837,65.52939703352604
2025-06-29,65.52805779054242,65.66021584723299,65.23428697457653,65.3561033786868
2025-06-30,65.35954483899475,65.50243520922858,65.0944738295939,65.20666896635866
2025-07-01,65.19789686418272,65.55622326271563,65.16044716933493,65.50159527598986
2025-07-02,65.49595016196548,65.52882586262606,65.13636705606048,65.27263010652356
2025-07-03,65.25739510696698,65.33496926234513,65.10330138384774,65.2712237806844
2025-07-04,65.26650861334878,65.5617702889833,65.19368114689505,65.47377730782085
2025-07-05,65.46814355978054,65.58119256919187,65.37752119800689,65.46300782570593
2025-07-06,65.46056013956371,65.49914093483112,65.18003531251742,65.29828918015448
2025-07-07,65.30072877479863,65.30746204275906,65.14855943326707,65.28191538194676
2025-07-08,65.27819074453393,65.28766811007573,65.02126114779708,65.07216620702354
2025-07-09,65.06298194221554,65.08871155741593,64.7384872547712,64.75899444361865
2025-07-10,64.76800046064926,64.76800046064926,64.64039783488546,64.677190856705
2025-07-11,64.65393871331351,64.7977822192882,64.07585611007775,64.61467535986196
2025-07-12,64.60787502146938,64.96997974944424,64.36847415429463,64.67352015395844
2025-07-13,64.66917972659287,64.72492412690228,64.34545914316331,64.60621481596164
2025-07-14,64.60837139851667,64.75988952415635,64.5119932847149,64.51443790037746
2025-07-15,64.49916974202324,64.49916974202324,63.74599683304071,63.74599683304071
2025-07-16,63.72177934606638,63.86879366014482,62.92536240915998,63.03978360647685
2025-07-17,63.00280250157626,63.17554218274475,62.24692630641408,62.24692630641408
2025-07-18,62.23379648549992,62.23379648549992,61.35649931270694,61.86486988705061
2025-07-19,61.85280221332632,62.042010475509265,61.49433068751673,61.63058217030346
2025-07-20,61.6297659679035,61.6297659679035,60.74690763653325,60.855254426695204
2025-07-21,60.845771069077784,61.0403919319958,60.427076691486704,60.565244868936205
2025-07-22,60.55808139978339,61.03919761503336,60.55808139978339,60.91409599374212
2025-07-23,60.9094091508054,62.212523184051626,60.79805378628873,61.87238649766466
2025-07-24,61.85113614352448,62.50853561435707,61.42695340275264,61.822307035941634
2025-07-25,61.82646244812335,61.82646244812335,61.41630291371827,61.41630291371827
2025-07-26,61.407035544781486,61.4920293524502,61.091272373490604,61.34581975766582
2025-07-27,61.3396684184251,61.411880370327246,60.970148400575376,61.03589647336592
2025-07-28,61.04278408220812,61.44093017681465,60.64855467395176,61.39905764717535
2025-07-29,61.394362384117606,61.695225567501666,61.14133106059677,61.47440998663186
2025-07-30,61.4607535327525,61.913137375468644,61.42162278812939,61.59771117824393
2025-07-31,61.584840596901245,61.76110762794633,61.29818161233565,61.73327641327301
2025-08-01,61.7222556323089,62.31281880480268,61.591244089733685,62.04627328773829
2025-08-02,62.04518059828804,62.623558045897255,61.875492790698786,62.516503493146224
2025-08-03,62.507805911033685,62.62156500787013,62.135164257578744,62.16755762921357
2025-08-04,62.15488450284881,62.21464731602631,61.43489106327884,61.43489106327884
2025-08-05,61.430989590293336,61.88625588594453,61.33026347318439,61.84616441742084
2025-08-06,61.84114998733907,62.01932511678585,61.6790264284826,61.683282672037485
2025-08-07,61.67276231873996,61.7189720963473,60.96138668352158,61.00961437493421
2025-08-08,60.98804161067911,60.98804161067911,60.40841683351962,60.540189283020894
2025-08-09,60.53399370674889,60.594143897117746,59.74403150976655,59.87913698675591
2025-08-10,59.877761101448826,60.48583584157478,59.877761101448826,60.48583584157478
2025-08-11,60.47535424363256,60.846409667187075,60.463222593026224,60.728875482622655
2025-08-12,60.70796375872295,60.75277561187681,59.48869046439742,59.68976761584541
2025-08-13,59.670244972609595,59.670244972609595,59.4209144094946,59.659449819596645
2025-08-14,59.64677543700159,59.86341506985894,59.42310298677338,59.61019083064071
2025-08-15,59.63734212989728,60.04350478842683,59.27602241768086,59.72339708795905
2025-08-16,59.714009056504395,59.91663390434457,59.453588456677,59.63521437523778
2025-08-17,59.625674757395664,59.739360407064076,59.18481488467477,59.40936691925752
2025-08-18,59.40086928135725,59.90688005768771,59.3523653179147,59.7571613170555
2025-08-19,59.75676958416511,60.12587002948241,59.63323832986072,60.08847392278348
2025-08-20,60.09240313119665,60.11526585156588,59.21820248891445,59.342419265427736
2025-08-21,59.34489104567956,59.5735027178135,59.30074741546485,59.53488830980174
2025-08-22,59.5239161724132,59.624694278752955,58.258974070797244,58.37475677715263
2025-08-23,58.36995064553759,58.568756728372676,58.241600485319445,58.241600485319445
2025-08-24,58.242734358540396,58.242734358540396,57.68536982067543,57.935791590219075
2025-08-25,57.92332452440263,58.80071700579255,57.759064826056985,58.77742396813949
2025-08-26,58.76394928548725,58.76394928548725,58.11299534108002,58.19903566510383
2025-08-27,58.193003250773955,58.31357800885585,57.95342888302414,58.296976447215876
2025-08-28,58.275864006315615,58.44130499987655,58.03507610843961,58.27447339493224
2025-08-29,58.26104781429841,58.31100640869734,58.10679364652267,58.10679364652267
2025-08-30,58.10392186169457,58.32107589731361,57.92730183437761,58.13615968549677
2025-08-31,58.127573164878,58.144023459384734,57.830159663778446,58.098709255091585
2025-09-01,58.0940690052686,58.63681090298252,58.01974264271399,58.63681090298252
2025-09-02,58.53849978775531,58.572197143244274,58.45095576825008,58.572197143244274
2025-09-03,58.56064872500746,58.64726811370588,58.318188635477455,58.360208786342895
2025-09-04,58.37589727877829,58.77358580586131,58.340992866297434,58.77358580586131
2025-09-05,58.7779588901178,58.81926304354694,58.58571175673476,58.59893058402348
2025-09-06,58.59249545698445,58.78926006745731,58.55404002746665,58.61261763904449
2025-09-07,58.610934068785156,58.640629455894256,58.38090740895342,58.46379956333097
2025-09-08,58.46026457249873,58.51780256964136,58.209455318037165,58.335171236714615
2025-09-09,58.3398186909142,58.3398186909142,58.07744348247952,58.16695579398328
2025-09-10,58.16736355719729,58.35735519788594,58.078572211884016,58.35735519788594
2025-09-11,58.348310853187904,58.42917313754273,58.14266142194946,58.271093887123705
2025-09-12,58.263138158383875,58.263138158383875,57.54210281876689,57.58363074058032
2025-09-13,57.570423406335394,57.7324502258207,57.166012730664995,57.52388703696006
2025-09-14,57.51816084568874,57.91905618186458,57.37137330030446,57.78705140731113
2025-09-15,57.77850285367189,58.27205986402485,57.77177911009067,58.14426665847184
2025-09-16,58.127467576398814,58.3651265856976,58.12105368745605,58.27968321034188
2025-09-17,58.272981247546085,58.272981247546085,57.68817223562045,57.68817223562045
2025-09-18,57.67079317128402,57.82118401089663,57.531833789395115,57.745353567682315
2025-09-19,57.74206977645336,58.07884205331592,57.593912565722526,58.02178713271719
2025-09-20,58.022800262866404,58.11765268631256,57.77468302127797,57.883996987208384
2025-09-21,57.87697906384256,58.05229656078396,57.65426273223719,57.96956796925087
2025-09-22,57.96437750880098,59.067785164980734,57.898296035576955,58.51415827506593
2025-09-23,58.45463737848806,58.723275162818425,58.28451227028878,58.495428316516026
2025-09-24,58.483155534505336,58.72481123724954,58.39489819313491,58.66111541639268
2025-09-25,58.64327998234739,59.23940580560979,58.58104119277737,59.0811658812014
2025-09-26,59.072201372189866,59.170721168177984,58.49278185498553,58.52525116598151
2025-09-27,58.513176378351496,58.702505708740304,58.34041903434674,58.539844570715225
2025-09-28,58.53740631712948,58.78852859566132,58.536840853622465,58.541509559011104
2025-09-29,58.541817833667565,58.81242129824874,58.541817833667565,58.81242129824874
2025-09-30,58.794844287977135,59.11942059202859,58.73554253432168,59.04121196116152
2025-10-01,59.03070427418938,59.19171529299001,58.97988562833655,59.06689155120932
2025-10-02,59.04489377425068,59.14733075194424,58.61667304914454,58.742500125779195
2025-10-03,58.71408182979787,58.833339072989645,58.71408182979787,58.833339072989645
2025-10-04,58.83343843640982,59.29178088427351,58.83343843640982,59.18605177157327
2025-10-05,59.17592676725353,59.31223625796088,59.123196590851265,59.31223625796088
2025-10-06,59.309482745521336,59.369271267030236,58.89208250151749,58.91121420814726
2025-10-07,58.9015340845519,59.124513035193885,58.53120662390159,58.998850325468865
2025-10-08,58.97773794427056,59.193241709853574,58.92273740905494,59.007073141887886
2025-10-09,59.00085990041665,59.40609648378723,58.99728605047575,59.344733861192466
2025-10-10,59.36141830752586,63.47576996202059,59.196683004484164,60.731340270466895
2025-10-11,60.741974051784496,60.96187337120361,60.057342128836986,60.48739771301488
2025-10-12,60.47179090478541,60.66348865343139,59.34078740465518,59.48486776822982
2025-10-13,59.46872563804604,59.70880169745715,58.78078919199064,59.0155765731143
2025-10-14,58.997109491392294,59.706259957995776,58.86725392600037,59.285380248096274
2025-10-15,59.28758800440712,59.673541575539346,58.99023529184561,59.536208893421346
2025-10-16,59.52514235208829,59.704236864164784,59.300951193096566,59.53331637486949
2025-10-17,59.523933055811774,59.85039208422421,59.43801368175976,59.636060687712245
2025-10-18,59.63853978030089,59.69222330010131,59.23814985491048,59.437344961616546
2025-10-19,59.62405291011037,59.72457429928409,59.437737765247356,59.57037466143758
2025-10-20,59.38161549974104,59.641923054540236,59.34636401204006,59.641923054540236
2025-10-21,59.639258906861215,59.82737488065487,59.639258906861215,59.72271625398014
2025-10-22,59.714409937869526,60.08973081856386,59.69635385033138,59.86395744206581
2025-10-23,59.86434988909498,59.93204095510419,59.82239682917873,59.93204095510419
2025-10-24,59.93387093408526,60.043516939959574,59.664725062384015,59.8083220277733
2025-10-25,59.80855086482886,59.909169480276226,59.66126964582362,59.77489420190592
2025-10-26,59.77473965266631,59.84516313820654,59.64254783280295,59.64254783280295
2025-10-27,59.643272673000915,59.839375355596225,59.52301785287042,59.72491030171911
2025-10-28,59.739069851863434,60.1660698734244,59.739069851863434,59.986533289093316
2025-10-29,59.988014200858174,59.988014200858174,59.538315762495046,59.538315762495046
2025-10-30,59.54459203148302,60.080618900580816,59.54459203148302,59.891274110674416
2025-10-31,59.89030149666329,60.00902002255468,59.888308216067465,59.888308216067465
2025-11-01,59.87943359113117,60.004853664351685,59.77529383204006,59.86013962036787
2025-11-02,59.86129786529464,60.08999596489573,59.86129786529464,59.89526673528235
2025-11-03,59.900509949029754,60.880845020367026,59.86720731728249,60.74974269465473
2025-11-04,60.760531010240484,61.40723542846743,60.544577642938826,60.77277460581881
2025-11-05,60.76962199527577,60.9548269811652,60.41749306337169,60.56313755144218
2025-11-06,60.56484460443316,60.75599881787519,60.37168637074639,60.54959151706172
2025-11-07,60.55150587553777,60.59201765633353,59.78383692793054,59.96802165644065
2025-11-08,59.97064354002718,60.14699403421125,59.6338015949218,59.975544009571756
2025-11-09,59.97529699326485,60.1998441678685,59.78952254421802,59.903533188033606
2025-11-10,59.88731606052763,60.15492657184264,59.545136469530924,59.946979449532336
2025-11-11,59.885964369117936,60.17297530340077,59.764262483829754,60.17297530340077
2025-11-12,60.170080561271455,60.170080561271455,59.875799751410895,59.902061831103225
2025-11-13,59.89659489713121,60.24768444087481,59.689080932924796,60.18178633291643
2025-11-14,60.17330989632331,60.17330989632331,59.51986276631989,59.51986276631989
2025-11-15,59.522818719373326,59.60414810281388,59.337573244187325,59.4847991109425
2025-11-16,59.48344556120697,59.67660412973693,59.29311624425709,59.4982464828943
2025-11-17,59.49140820170976,59.60290132771825,59.275965603175706,59.433975014911255
2025-11-18,59.43375551599394,59.43375551599394,58.97028478535067,59.036693135386564
2025-11-19,59.045657843593915,59.35777737544365,58.93417971513496,59.281365914037096
2025-11-20,59.29053329105557,59.29436306790993,58.91498855753393,58.91498855753393
2025-11-21,58.884539653406875,59.092865630544054,58.7758970640311,59.092865630544054
2025-11-22,59.1022906939215,59.17963534975207,58.98546292291294,59.03620887959735
2025-11-23,59.03684689825005,59.25860298651428,59.03684689825005,59.25860298651428
2025-11-24,59.24032561999854,59.24032561999854,58.713631818780684,58.76505867670373
2025-11-25,58.75365704299038,58.814334265679044,58.49833334830129,58.49833334830129
2025-11-26,58.49890108633531,58.64319849095673,58.49890108633531,58.64319849095673